metric,n_paired_inputs,temperature_0_mean,temperature_1_mean,mean_difference_temp0_minus_temp1,difference_ci95_low,difference_ci95_high
adverse_effects_recall,320,0.6345449267023575,0.6368289152842127,-0.002283988581855296,-0.010206899910886285,0.005638922747175694
very_common_adverse_effects_coverage,224,0.836278521825397,0.8306609623015874,0.005617559523809523,-0.002848471106692693,0.014083590154311739
common_adverse_effects_coverage,320,0.7441128663003663,0.7485784159416972,-0.004465549641330904,-0.01376698616806109,0.004835886885399281
uncommon_adverse_effects_coverage,320,0.4900742785294415,0.49558587138631294,-0.0055115928568714,-0.01627615066507359,0.005252964951330788
adverse_effects_specificity,320,0.628493718429536,0.6248599411862672,0.003633777243268836,-0.002149560057581941,0.009417114544119613
contraindications_recall,320,0.6617259444685432,0.6647115610540775,-0.002985616585534352,-0.014118164100751267,0.008146930929682564
contraindications_specificity,320,0.7007095707936821,0.7044023043050108,-0.003692733511328712,-0.01481037275610255,0.0074249057334451266
structured_score,320,0.6646336028711517,0.666169905870017,-0.0015363029988652668,-0.006885628241520085,0.0038130222437895516
word_count,320,263.16640625,272.4453125,-9.27890625,-16.029347388727125,-2.528465111272877
